"","Country","Region","Score","Economy","Family","Health","Freedom","Trust","Generosity"
"1","Switzerland","Western Europe",6.67283436385479,3.36035588424031,4.23432644014143,3.91999916403038,4.42663359850856,3.77116703510482,2.25614164433358
"2","Iceland","Western Europe",6.64996713129117,3.13371094740736,4.39974476970124,3.9466896185957,4.18188080552643,1.27074080974695,3.31678212623068
"3","Denmark","Western Europe",6.6200638271695,3.18943975871483,4.26906052413663,3.64189378799011,4.31895567137865,4.34423565478497,2.59526988327731
"4","Norway","Western Europe",6.61566628244573,3.51072261215932,4.17609115568335,3.68590597281936,4.45430130554132,3.27931083621018,2.63784146225254
"5","Canada","North America",6.53211293269402,3.19138882335901,4.14992292980079,3.77093235070141,4.20981454820374,2.96074972547404,3.48258322220384
"6","Finland","Western Europe",6.51364324485417,3.10466747795652,4.13627403500592,3.70214509494179,4.26781031871472,3.71672596541894,1.77515882259025
"7","Netherlands","Western Europe",6.48901699440103,3.19896851919746,4.01675991943436,3.71767635789478,4.09535271213791,2.8580663217596,3.61934441966176
"8","Sweden","Western Europe",6.47670386917447,3.20443071270644,4.04468524441695,3.79275106863001,4.38825795678283,3.93880240809795,2.75666177999947
"9","New Zealand","Australia and New Zealand",6.40810217148359,3.00824893438612,4.14069815952564,3.78234137496179,4.2524467602422,3.8559729258366,3.61105816589694
"10","Australia","Australia and New Zealand",6.40634315359408,3.20893040515657,4.10794081201797,3.87890169342823,4.33132632885003,3.20151221187361,3.31161272021226
"11","Israel","Middle East and Northern Africa",6.40106609992555,2.95624981468169,3.84029696696008,3.80524270103188,2.74808169924689,0.699379088291271,2.5217578888683
"12","Costa Rica","Latin America and Caribbean",6.3553316347983,2.29984815507172,3.88406756061258,3.58205886878516,4.21506875218352,0.950742311032309,1.93829919487746
"13","Austria","Western Europe",6.33246440223468,3.21771322731858,4.06969252982271,3.70759977442394,4.15235084898185,1.6777911179098,2.51537215202202
"14","Mexico","Latin America and Caribbean",6.32103078595286,2.45567707649971,2.86943696065516,3.39122836445928,3.20446584746519,1.91460078736847,1.06991500445956
"15","United States","North America",6.26122417770954,3.35554337894606,3.9130283189934,3.58838796253544,3.6316525836946,1.42750593615264,3.04880924071697
"16","Brazil","Latin America and Caribbean",6.14161096122288,2.36111134746759,3.86834779902125,2.90230587225015,3.26219558233163,1.57402967321148,1.1079253428303
"17","Luxembourg","Western Europe",6.10906913026695,3.76316257736949,3.82680495601344,3.82635355979104,4.09581827451587,3.39564942572042,2.13116365177059
"18","Ireland","Western Europe",6.10379207659843,3.21465728645673,4.29698584911923,3.72804441278833,4.10872100327634,2.57858419668906,3.48942508311057
"19","Belgium","Western Europe",6.10115354976416,3.14694533696656,4.03398576596856,3.7336240085945,3.88744585592538,2.02492031471872,1.69146005749788
"20","United Arab Emirates","Middle East and Northern Africa",6.06949122775299,3.43437221566596,3.53223984260155,3.36961784040405,4.26701221178109,3.46617127341582,2.00907444492378
"21","United Kingdom","Western Europe",6.03958792363132,3.04720616474311,4.03342098411498,3.78675508507711,3.9655938265107,2.88079501916971,3.9463853710036
"22","Oman","Middle East and Northern Africa",6.02727479840476,3.27276828788487,3.39440169355826,3.17603917694976,4.2082848432476,2.92185041330576,1.63763741836491
"23","Venezuela","Latin America and Caribbean",5.9894559137803,2.51270526423664,3.94079676012777,3.00015699273145,2.8537643590427,0.994402970879394,0.444036772846972
"24","Singapore","Southeastern Asia",5.97890180644324,3.66197965355777,3.20043050362299,4.26901537333859,3.60824144697457,4.42086640138901,2.36462315004367
"25","Panama","Latin America and Caribbean",5.96834769910618,2.55912187779973,3.76050584175701,3.31698642921751,3.60544807270684,0.832786660046254,1.85748921550127
"26","Germany","Western Europe",5.93668537709501,3.19531101517382,4.07700331714961,3.71359575797684,4.08876832993541,1.9623041009051,2.14484737358405
"27","Chile","Latin America and Caribbean",5.86632466151462,2.66408261826744,3.5282236160872,3.57498027709077,2.93517126627372,1.15610911846119,2.53627783812592
"28","Qatar","Middle East and Northern Africa",5.81443363377409,4.06757759975762,3.38429837373309,3.31998442099396,4.25923066917812,4.69019697386136,2.47622150350016
"29","France","Western Europe",5.78277131176292,3.07466150744684,3.95466529231014,3.93815366978776,3.65872171052713,1.85476951276321,0.937486985575904
"30","Argentina","Latin America and Caribbean",5.78189180281816,2.53501122627551,3.91654251719346,3.27792925857433,2.99117176945061,0.762174975602202,0.870512769366662
"31","Czech Republic","Central and Eastern Europe",5.72120568563008,2.83692374591062,3.7853876200842,3.51776860069021,3.08361915593027,0.238247057437181,0.812356951659432
"32","Uruguay","Latin America and Caribbean",5.70361550673498,2.5546221853496,3.79313768218611,3.37940295245218,4.01461089401827,2.20621087350765,1.76672052747194
"33","Colombia","Latin America and Caribbean",5.69657943517695,2.21040774417798,3.89128421763055,2.87628163807959,3.55596544282132,0.459964153121556,1.39885647271993
"34","Thailand","Southeastern Asia",5.67723023839234,2.32660568450778,3.96928686696395,3.07502350959331,3.70215202949923,0.286309717968437,4.38107160061137
"35","Saudi Arabia","Middle East and Northern Africa",5.63853184482313,3.35770900632847,3.40102219195301,2.99903274581528,2.06496867296443,2.92185041330576,1.04193939541869
"36","Spain","Western Europe",5.56641211135323,2.95995544375826,4.12224861897534,3.97908458529122,3.05615097563092,0.574775517904631,1.38562887496692
"37","Malta","Western Europe",5.54266536984485,2.90530944614199,4.08534953787475,3.69423372775394,4.01481042075168,1.22052206724794,3.93422206272496
"38","Taiwan","Eastern Asia",5.53914733406583,3.10642404238893,3.37667381870976,3.64464194711852,2.64306412856244,0.730282929829126,1.92910069299174
"39","Kuwait","Middle East and Northern Africa",5.53650880723157,3.73984598921882,3.65834307979822,3.01847805358752,3.69117805916172,2.30062929634569,1.2336635421607
"40","Suriname","Latin America and Caribbean",5.51364157466794,2.39503950979209,3.04982200933485,2.53247027560549,3.96772211166707,1.2247443944348,1.29166731851445
"41","Trinidad and Tobago","Latin America and Caribbean",5.42481117124771,2.91596914536877,3.71356619437054,2.56007678321362,3.71678398994925,0.102413893468471,2.42080243015562
"42","El Salvador","Latin America and Caribbean",5.39138983134702,1.83967639883502,3.21633852583217,2.82048568001791,2.68363456435567,1.05791755217958,0.812813075719881
"43","Guatemala","Latin America and Caribbean",5.38523326873374,1.79393353601312,3.27435417290275,2.68257805830128,3.83975896664054,0.850933683274878,2.08973238294648
"44","Uzbekistan","Central and Eastern Europe",5.27969219536316,1.52181042414945,4.20583633330526,2.4888328397483,4.37768303991213,2.76930761408693,1.73608419474513
"45","Slovakia","Central and Eastern Europe",5.27265612380512,2.81269278175405,3.98481836793741,3.28538259924078,2.11172443749336,0.308229884640636,1.28421729219378
"46","Japan","Eastern Asia",5.26562005224709,3.05772148881106,3.94443646540641,4.12686059660532,3.29983962603486,1.62245168073736,0.81380134451752
"47","South Korea","Eastern Asia",5.26298152541282,2.99484610714162,3.00507873582341,4.01972402937196,2.20862792101916,0.705847334194543,1.4107156982916
"48","Ecuador","Latin America and Caribbean",5.25506594491003,2.07905041217128,3.13463341768086,3.29258610725919,3.23060384954182,1.62514678319706,0.877354630273395
"49","Bahrain","Middle East and Northern Africa",5.2418733107387,3.18530100416177,3.81616823110434,3.11108268846004,3.02562338541929,2.74900450889055,1.31987098958554
"50","Italy","Western Europe",5.23131920340165,3.01055893692736,3.75821533757305,3.97425448742916,1.74492779257585,0.260616407852663,1.73501990527075
"51","Bolivia","Latin America and Caribbean",5.18030768460587,1.63945211606752,3.06993451867624,2.24516273036251,3.81854262398802,0.790563388177673,1.56116061756299
"52","Moldova","Central and Eastern Europe",5.17942817566111,1.43046907366448,3.18562066835132,2.57435888292642,2.18268944567595,0.145086349080334,1.5927091984107
"53","Paraguay","Latin America and Caribbean",5.16975357726881,1.82839107391999,4.09394677275703,2.75223972832903,3.5847638013434,0.740434482427316,2.6029479716282
"54","Kazakhstan","Central and Eastern Europe",5.14952487153945,2.70111484650674,3.52176000154067,2.68020464814492,3.4351187512864,0.759479873142506,0.899096543821458
"55","Slovenia","Central and Eastern Europe",5.14336830892617,2.85136126179339,3.99692980101975,3.63660566360665,4.04739978720853,0.340211767162369,1.92545170050815
"56","Lithuania","Central and Eastern Europe",5.13017567475484,2.76052522436432,3.94547189880464,3.04496031427948,1.41943318147407,0.092621687864907,0.200770607274243
"57","Nicaragua","Latin America and Caribbean",5.12577813003107,1.42750938290851,3.58272506495772,3.09434390104154,3.68958184529444,1.73537647379865,2.11451512356421
"58","Peru","Latin America and Caribbean",5.12226009425205,2.16608457041789,3.05794859267248,3.04033841029079,2.75985377651804,0.538032287704101,1.13894177894082
"59","Belarus","Central and Eastern Europe",5.11258549585975,2.48306023162402,3.86841055256054,3.06494692612247,2.52321507069456,1.71498353185361,0.839724395286364
"60","Poland","Central and Eastern Europe",5.09323629907514,2.70835766697459,4.01459492232896,3.24378546334256,3.53308637739038,0.378392385341405,1.27403052151043
"61","Malaysia","Southeastern Asia",5.07476661123529,2.70669735264807,3.3580360175416,3.01439745366958,3.52656850409901,0.943375697642472,2.51438388322438
"62","Croatia","Central and Eastern Europe",5.06509201284299,2.60486474062163,2.49834390608311,3.28134363809751,1.72145014694468,0.218303299235426,0.413856564180605
"63","Libya","Middle East and Northern Africa",5.06069446811921,2.72255455759264,3.50986820584583,2.93053696147837,2.77129330923351,0.990270480441193,1.39079828098534
"64","Russia","Central and Eastern Europe",5.02727312821853,2.73744926147836,3.87870213300356,2.78671663375819,2.43948035157377,0.269959429712944,0.0151281146715541
"65","Jamaica","Latin America and Caribbean",5.02111656560525,1.94997902017935,3.61152893949033,2.86229100978949,3.3548424955447,0.206534685161417,1.61391896722157
"66","North Cyprus","Western Europe",5.00880344037868,2.9068975728891,3.35756536599695,3.84559067368991,3.26073238628663,1.28286877081559,1.98938508964773
"67","Cyprus","Western Europe",5.00352638671015,2.9070660105744,2.80251031100586,3.84559067368991,2.70505043374161,0.55213665724318,2.3291214940054
"68","Algeria","Middle East and Northern Africa",4.92964763535075,2.26016904892058,3.38153721800448,2.57186055644605,1.90075817136854,1.56163220189688,0.594633733471839
"69","Kosovo","Central and Eastern Europe",4.91557549223467,1.92856337161991,2.54773094150176,2.62873912264922,1.64602904171595,0.425916025380722,2.15214535855124
"70","Turkmenistan","Central and Eastern Europe",4.87951562549972,2.30632097469249,3.84892557861201,2.24374701202363,3.16648925920628,2.77092467556275,1.29075507039355
"71","Mauritius","Sub-Saharan Africa",4.81707049042213,2.42456422977235,3.09127072203373,2.95427106304192,3.72888861177609,0.675662186645941,2.86932442293034
"72","Hong Kong","Eastern Asia",4.81443196358786,3.33516241902489,3.32022701012135,4.21917376005513,3.96446317502138,3.3350994571259,3.00114427640006
"73","Estonia","Central and Eastern Europe",4.7748540610739,2.77137742380287,3.85278492127814,3.22121724746985,2.98545200309287,1.36408119160111,0.659859474116027
"74","Indonesia","Southeastern Asia",4.74846879273125,1.99302688003647,3.41090587439067,2.65626235270801,3.10004685698097,0,3.91772557587206
"75","Vietnam","Southeastern Asia",4.71416794388582,1.52113667340825,2.8623771874854,3.10941713747313,3.95355571359501,0.937985492723078,1.28170860986132
"76","Turkey","Middle East and Northern Africa",4.68954169343268,2.55298593354955,2.96924646489069,3.04679242036509,1.51740080757806,1.4145694443461,0.931481352113327
"77","Kyrgyzstan","Central and Eastern Europe",4.64908428197396,1.14123750547973,3.61193683749569,2.71018456590941,2.89160792947934,0.380189120314536,2.28290092254658
"78","Nigeria","Sub-Saharan Africa",4.63325312096837,1.57453141964801,2.83746403238857,0.666511866189034,2.2835169549588,0.362042097085912,2.07027108970067
"79","Bhutan","Southern Asia",4.62006048679705,1.85382516440013,3.46383848477902,2.3903571376469,3.53867312592584,1.38752858300047,3.64884044223745
"80","Azerbaijan","Central and Eastern Europe",4.5840006200621,2.46373802286759,2.94292135515991,2.66675532392558,2.46282497938266,1.44322736716754,0.592885257906785
"81","Pakistan","Southern Asia",4.56816945905652,1.43275501367925,1.29934340770129,2.14298117731523,0.804890842573292,0.940051737942179,2.5596922065623
"82","Jordan","Middle East and Northern Africa",4.56641044116701,2.17039176265625,3.30686050625328,2.89968262944575,2.70431883571911,1.28403664854812,0.840256540023554
"83","Montenegro","Central and Eastern Europe",4.56641044116701,2.3446044543083,2.84138612859399,3.01968557805304,1.21445271735154,1.28430615879409,1.22697372260745
"84","China","Eastern Asia",4.52067597603976,2.14185360626131,2.97059566598536,3.40013906223928,3.43831117902095,0.249835998013876,0.622229239128996
"85","Zambia","Sub-Saharan Africa",4.51100137764745,1.13185312015593,2.87448862056774,1.24599869331172,3.24743060405934,1.12008458224991,1.48932107804229
"86","Romania","Central and Eastern Europe",4.50660383292368,2.51080432464541,2.77960526916621,3.20160538459892,2.33233449573295,0.0583040498781034,1.04513226384184
"87","Serbia","Central and Eastern Europe",4.50572432397892,2.21502774926047,3.16792417027247,3.11607934142079,1.33729467622056,0.235102771234201,1.46195363441536
"88","Portugal","Western Europe",4.48725463613907,2.7910365079299,3.57491224931652,3.64418392059712,3.42314714728183,0.096844015051765,1.04292766421633
"89","Latvia","Central and Eastern Europe",4.48373660036005,2.67844794657079,3.4377016356661,3.01618792098051,1.97338590232954,0.568846292493299,1.38555285429017
"90","Philippines","Southeastern Asia",4.46174887674118,1.69717811707211,3.24799768640233,2.41979575134064,4.15979984702913,1.10310543675382,1.89983273244627
"91","Somaliland region","Sub-Saharan Africa",4.44767673362511,0.453506436404159,2.98556238510524,1.82681796122393,3.09811809855801,3.58700170035888,3.82520841227768
"92","Morocco","Middle East and Northern Africa",4.40897834005589,1.76809038258297,2.01109405029133,2.53804987141166,2.77282301418965,0.767744854018909,0.545220293589879
"93","Macedonia","Central and Eastern Europe",4.40370128638737,2.21016711891327,3.14495637489353,3.06232368331808,2.22518863989214,0.478560360093462,1.6997463112627
"94","Mozambique","Sub-Saharan Africa",4.37203896437619,0.19991146992337,3.22007236141973,0.380203651538207,2.26376380835128,1.40172278928821,1.69290445035597
"95","Albania","Central and Eastern Europe",4.36148485703913,2.1143020134517,2.52375908949423,3.38627335027321,2.37656292163869,0.57612306913448,1.08496709845437
"96","Bosnia and Herzegovina","Central and Eastern Europe",4.35268976759159,2.00255564051909,2.88402715853932,3.29283593990723,0.61487488345646,0.0203929419450377,1.88592094860258
"97","Lesotho","Sub-Saharan Africa",4.30783481140909,0.903427556364098,3.26641585018298,0.316954352810079,2.11278858007154,1.12331870520155,1.24582685043934
"98","Dominican Republic","Latin America and Caribbean",4.29640119512728,2.15448643265873,3.67742015574139,2.78251111751623,3.83570192306122,1.27873628037739,1.6484323544622
"99","Laos","Southeastern Asia",4.28848561462449,1.42127718855245,2.31569972998909,2.28634347851401,3.96333252353206,2.17845131817277,3.20746439307643
"100","Mongolia","Eastern Asia",4.28672659673498,1.9928343798247,4.08086265981575,2.50948567198605,2.90151775723867,0.239504771918372,2.52616708811931
"101","Swaziland","Sub-Saharan Africa",4.28057003412169,1.71339625991376,3.36622535441852,0.315038969175126,2.03903019762122,0.274900450889055,1.38806153662264
"102","Greece","Western Europe",4.27177494467414,2.7769599299442,2.91593733326662,3.67308123022011,0.512052106839512,0.125501937873206,0
"103","Lebanon","Middle East and Northern Africa",4.25594378366856,2.46794896500006,2.51017294823865,3.49545021746554,2.25571623010377,0.41163198234433,1.66135586950826
"104","Hungary","Central and Eastern Europe",4.22164293482312,2.69726484227133,3.77195836267684,3.16059119154611,2.13573415441361,0.247769752794775,0.973064662290916
"105","Honduras","Latin America and Caribbean",4.21108882748606,1.43249032588807,2.99171223195534,2.89431122751295,2.67019976430611,0.61313580958098,1.75052812332601
"106","Tajikistan","Central and Eastern Europe",4.20932980959655,0.939569471123956,2.68469054099504,2.38919125195606,3.14028474821852,1.35401947575158,1.74649902745871
"107","Tunisia","Middle East and Northern Africa",4.16799288919307,2.12022139496364,1.89606681277876,3.07265009943696,1.74705607773221,0.571182047958369,0.488888972124444
"108","Palestinian Territories","Middle East and Northern Africa",4.14688467451896,1.44055127225594,2.90417104465036,2.74878371003118,1.62940181393184,1.15934324141283,0.855308634018367
"109","Bangladesh","Southern Asia",4.12841498667911,0.956557614812677,1.35252703224679,2.50515523942007,2.7148937525898,1.12915809386422,1.61331080180764
"110","Iran","Middle East and Northern Africa",4.12137891512107,2.42742767042243,1.70837097677217,2.90659466604145,1.99746212816094,0.526712857373375,2.89532349437592
"111","Ukraine","Central and Eastern Europe",4.1169813703973,1.92276430274034,3.77393509916437,2.80603702520641,1.67090337448098,0.266006612772056,1.16121583722607
"112","Iraq","Middle East and Northern Africa",4.11346333461828,2.37133792121788,2.56941228932532,2.50819486997119,0,1.23866909047656,1.36244256856077
"113","South Africa","Sub-Saharan Africa",4.08268052155186,2.21493149915458,3.71714314610989,1.15289439314312,2.20856141210802,0.798109675064824,0.910195562625714
"114","Ghana","Sub-Saharan Africa",4.07476494104906,1.31280331921993,2.13217700434507,1.67104730517263,2.81612031533948,0.391239040399292,1.7550893639305
"115","Zimbabwe","Sub-Saharan Africa",4.0545362353197,0.652094467371609,3.24046726168792,1.39385798217517,1.71998695089968,0.725791092396298,1.44340458929044
"116","Liberia","Sub-Saharan Africa",4.02023538647427,0.171325188475493,2.47776074519706,1.42408773258769,1.89756574363399,0.559862617627643,1.85201572677588
"117","India","Southern Asia",4.01495833280574,1.5520088948709,1.19777680436573,2.14560442011962,2.64612353847471,0.762893669591455,2.01264741673062
"118","Sudan","Sub-Saharan Africa",4.00176569863441,1.25382606683883,3.18172994891555,1.53555473238703,0.670476333166531,1.31700673530508,1.44910614004605
"119","Haiti","Latin America and Caribbean",3.97362141240226,0.641819768568373,2.33135673804113,1.61754147971796,1.62448015450774,1.54294615817631,3.51116699665863
"120","Congo (Kinshasa)","Sub-Saharan Africa",3.97274190345751,0,3.14144217669347,0.408309824442411,1.5034339362394,0.685005208506223,1.88789748619786
"121","Nepal","Southern Asia",3.97010337662324,0.866178765386561,2.71249035889906,2.36816367074625,2.5460941361255,0.530665674314263,2.45516377604277
"122","Ethiopia","Sub-Saharan Africa",3.96834435873373,0.458944567386668,1.89534514707696,1.8343962182144,2.88981218887866,1.35186339378382,1.84920296173645
"123","Sierra Leone","Sub-Saharan Africa",3.96394681400996,0.794640874187454,2.99870925158581,0,2.71622393081253,0.789305673696482,1.63353230182087
"124","Mauritania","Sub-Saharan Africa",3.90150167893237,1.09260713948128,2.72689229616536,1.49374940261544,1.6116439346584,1.56863946829209,1.66485282063836
"125","Kenya","Sub-Saharan Africa",3.88655002687153,0.877584402933946,3.13378624490049,1.72530262857142,2.80767368362515,0.524556775405618,2.85396824622856
"126","Djibouti","Sub-Saharan Africa",3.84257457963379,1.05935272789797,1.85772440027457,1.51111277165404,3.0643315717007,2.52486182099245,1.37544210428356
"127","Armenia","Central and Eastern Europe",3.82586390968345,1.84850734604998,2.43832014575535,3.03921416337462,1.32000235932508,0.35036331976056,0.597142415804308
"128","Botswana","Sub-Saharan Africa",3.81003274867786,2.39073231755373,3.46600348188441,0.198866787837748,3.29185855669849,1.12062360274185,0.795252299392599
"129","Myanmar","Southeastern Asia",3.78804502505899,0.652286967583379,2.22476985156263,2.0089043228685,2.92752274149303,1.70995267392885,6.05033362050074
"130","Georgia","Central and Eastern Europe",3.77924993561145,1.78519883890405,1.20995099098735,3.03654928179556,2.69873208718364,3.44353241275436,0.421686693884977
"131","Malawi","Sub-Saharan Africa",3.77485239088767,0.0385962924599284,1.29065204251008,0.939454034169863,2.86347466006863,0.626790995376776,2.51841297909168
"132","Sri Lanka","Southern Asia",3.75638270304782,2.00979846098695,3.19744971050687,2.94827507948902,3.5732577597168,0.824611515918507,3.10377219000106
"133","Cameroon","Sub-Saharan Africa",3.73967203309748,1.01664174341146,2.78522171093237,0.974430604895095,3.27948789922711,0.51979542772682,1.56739431305579
"134","Bulgaria","Central and Eastern Europe",3.70976872897582,2.43551267931678,3.47070999733092,3.19157043990275,2.03430806493053,0.0783376448285149,0.906242487435157
"135","Egypt","Middle East and Northern Africa",3.6886605143017,2.12183358423721,2.34384469235919,2.56961206261371,1.14980605572691,0.568127598504046,0.858349461088026
"136","Yemen","Middle East and Northern Africa",3.58575796776539,1.31499300912882,2.13653837532549,1.66821586849488,2.36578847803459,0.705577823948574,0.694144799326434
"137","Angola","Sub-Saharan Africa",3.54705957419617,1.82341013094043,2.69965726011492,0.694659677867912,0.690628533240875,0.639817323931976,0.938399233696802
"138","Mali","Sub-Saharan Africa",3.51363823429549,0.627406315212078,3.24831145409876,0.857050899092203,2.58433676002895,1.10966351940575,1.4290366813863
"139","Congo (Brazzaville)","Sub-Saharan Africa",3.50836118062696,1.63302742149969,2.07996605965851,1.29292559236807,2.75785850918395,1.04983224480049,0.941744143473427
"140","Comoros","Sub-Saharan Africa",3.47933738545005,0.57523875782235,2.48733065993829,1.51211210224619,1.52418471651398,1.78775129826542,1.32587662304811
"141","Uganda","Sub-Saharan Africa",3.45734966183118,0.507767433596889,3.55495662382334,1.40993054919891,3.04125297953635,0.652843652487177,2.20961699016779
"142","Senegal","Sub-Saharan Africa",3.4336029203228,0.878234091148671,3.06296887581542,1.81295224925786,2.44566568030946,0.962421088357661,1.58449896532262
"143","Gabon","Sub-Saharan Africa",3.42656684876476,2.55120530659068,2.84047620227433,1.80595693511281,2.1225653900086,0.996379379349838,0.518613056730362
"144","Niger","Sub-Saharan Africa",3.38171189258227,0.166993933710663,2.42432610649441,1.2369630792077,3.17194298991947,1.40495691223985,1.47381285998703
"145","Cambodia","Southeastern Asia",3.35884466001864,1.10779059368465,1.968453020346,2.54471207535932,4.40594932714512,0.651046917514046,3.0681184926093
"146","Tanzania","Sub-Saharan Africa",3.32542332011796,0.686263254960822,3.14608593860069,1.59122577412469,2.18667998034413,0.516291794529215,2.61336280434178
"147","Madagascar","Sub-Saharan Africa",3.23747242564248,0.501078051237874,2.09599958894627,1.94540519149234,1.27590695124162,0.729833746085843,1.62174909692595
"148","Central African Republic","Sub-Saharan Africa",3.23483389880821,0.188890832799525,0,0.278938151533725,3.25088906743843,0.744656809614175,1.81195283013312
"149","Chad","Sub-Saharan Africa",3.22515930041591,0.822769967632377,2.38657985261345,0.624998007840158,1.56302592061766,0.473349828671382,1.39771616256881
"150","Guinea","Sub-Saharan Africa",3.21548470202361,0.419097023550233,1.45823536917528,0.999705341121542,2.5090486726225,1.09052829194191,2.17852453338053
"151","Ivory Coast","Sub-Saharan Africa",3.21460519307885,1.11972560681441,2.41961959104791,0.632284793407915,3.11700662932077,1.61005420942276,1.5329569464919
"152","Burkina Faso","Sub-Saharan Africa",3.15479858483553,0.621101933276604,2.67292425237878,1.12945176300228,2.62663642751174,1.1527851587609,1.65322165709692
"153","Afghanistan","Southern Asia",3.14424447749847,0.769567721604383,0.950245468649238,1.26311222970228,1.55723964534879,0.873123360193046,2.77551490783135
"154","Rwanda","Sub-Saharan Africa",3.04749849357544,0.534380587874121,2.42762066730697,1.78480443757898,3.93739404818885,4.95817999510386,1.72019587330616
"155","Benin","Sub-Saharan Africa",2.93755987548109,0.689752321299157,1.11029837060003,1.32869329981209,3.2223567445609,0.719592356738996,1.38813755729938
"156","Syria","Middle East and Northern Africa",2.64380388793298,1.5958267555751,1.49005141359365,3.00602805996033,1.04312576226405,1.69845357010081,3.58657950798618
"157","Burundi","Sub-Saharan Africa",2.55497348451274,0.0368156655010539,1.30486571915852,0.932541997574162,0.788130596966907,0.903937364982244,1.49965989007913
"158","Togo","Sub-Saharan Africa",2.49692589415892,0.50213680240261,0.43911789115886,1.18433166802116,2.42444933765693,0.964038149833479,1.26810090872459
"159","Denmark","Western Europe",6.61918431822475,3.46928694157579,3.65144019047668,3.31044914159386,3.85359282015692,3.99351298802979,2.74974389841599
"160","Switzerland","Western Europe",6.60423266616392,3.67514185553756,3.59339316663646,3.59355117059488,3.89456230941698,3.70154355489599,2.13488866493092
"161","Iceland","Western Europe",6.59719659460588,3.43290440155121,3.71268764482053,3.61145584370422,3.76600058419022,1.34530531113189,3.62451382568018
"162","Norway","Western Europe",6.59455806777161,3.79571917568513,3.53584817111054,3.31357204969433,3.96452968393252,3.21399951993687,2.8808035451183
"163","Finland","Western Europe",6.51979980746745,3.38314309680861,3.5601337908145,3.37652987699975,3.79792486153572,3.68366604191333,1.93791909149375
"164","Canada","North America",6.51188422696466,3.46536474976097,3.43920772060898,3.44602499192881,3.81561623189801,2.81449549866117,3.40831102102742
"165","Netherlands","Western Europe",6.4547161455556,3.52439012719501,3.22904611753774,3.38235930545395,3.67202349275442,2.68854437704469,3.60459640837391
"166","New Zealand","Australia and New Zealand",6.45031860083182,3.27409172684079,3.67980479023428,3.4600156202189,3.86729365585103,3.76451911570423,3.75549745170574
"167","Australia","Australia and New Zealand",6.43184891299197,3.47566351109067,3.46638000312013,3.54429250015684,3.78016698226229,2.90451192081504,3.60391222228324
"168","Sweden","Western Europe",6.41249971620737,3.49342165562648,3.41266297349069,3.46105658958573,3.87201578854172,3.67135840734738,2.90809496806849
"169","Israel","Middle East and Northern Africa",6.39139150153325,3.21874791595685,3.12314951999139,3.53583982889825,2.42305265052307,0.784095142274402,2.45455561062884
"170","Austria","Western Europe",6.26122417770954,3.48998071434108,3.40070842425657,3.35462788152181,3.61509186482162,1.91783491032011,2.49841954110867
"171","United States","North America",6.24803154353822,3.6285327417627,3.28772067677082,3.24366054701854,3.20326868706474,1.33569277902564,3.12270133850968
"172","Costa Rica","Latin America and Caribbean",6.23307989147738,2.57177876672362,3.20519977260878,3.17062613624228,3.67295461751033,0.947508188080673,1.71449432255055
"173","Puerto Rico","Latin America and Caribbean",6.19086346212915,3.27113203608482,3.39223669645287,3.23774784101499,3.1141467461419,1.1027460897592,1.68781106501429
"174","Germany","Western Europe",6.15128555961518,3.48394102019679,3.44435351083049,3.39301883177022,3.55596544282132,2.56492901089327,2.31498164813148
"175","Brazil","Latin America and Caribbean",6.11434618393548,2.61689600385727,3.26123868319183,2.55724534653586,2.6886227326909,1.27262738146874,1.19930219627355
"176","Belgium","Western Europe",6.09411747820612,3.42984846068936,3.30237362819428,3.41267233341582,3.41549862250114,2.35803497873722,1.84274120421342
"177","Ireland","Western Europe",6.07476828142152,3.56945923927571,3.64463143146407,3.39168639098068,3.59201327265728,2.6730026195271,3.41811768832707
"178","Luxembourg","Western Europe",6.04310595941034,4.08466199355223,3.26315266614007,3.52022528839591,3.64934395405689,3.17384249328739,2.09596607843928
"179","Mexico","Latin America and Caribbean",5.96131162754815,2.68316420175916,2.24218395871469,2.96230734655379,2.50798453004431,1.64895352159105,0.892102641561242
"180","Singapore","Southeastern Asia",5.92701077870271,3.959609043481,2.72218578071886,3.94398309824197,3.24363959612456,4.22115930912549,2.48633225350677
"181","United Kingdom","Western Europe",5.91469765347614,3.37556340097016,3.40977631068351,3.37236599953246,3.32783987762331,2.46143707644092,3.81289306264556
"182","Chile","Latin America and Caribbean",5.89710747458104,2.92768759576028,2.84232743168329,3.40950778654068,2.51330524293523,1.0287206088662,2.40187328164699
"183","Panama","Latin America and Caribbean",5.89358943880202,2.84674125671091,3.10353903896429,2.94948260395454,3.25408149517298,0.756694933934153,1.83817996360893
"184","Argentina","Latin America and Caribbean",5.84873448261953,2.77048711032343,3.34514016521818,2.9026806212222,2.81226279849356,0.655448918198217,0.8353912167121
"185","Czech Republic","Central and Eastern Europe",5.80124099960277,3.15014565298724,3.16255874266345,3.18020305441705,2.7546660814494,0.358089280145024,0.754809299366133
"186","United Arab Emirates","Middle East and Northern Africa",5.78101229387341,3.78628666530839,2.73335591071189,3.03933907969864,3.73879843953542,3.19468461897571,2.02146581523264
"187","Uruguay","Latin America and Caribbean",5.75638604342027,2.84315594026668,3.23629415132535,3.0056116722136,3.61728665888913,1.92196740075831,1.37262933924412
"188","Malta","Western Europe",5.70625403356925,3.14694533696656,3.44764807164304,3.34421818785358,3.65759105903781,1.57699428591715,4.27517479791049
"189","Colombia","Latin America and Caribbean",5.70009747095596,2.47921022738862,3.20573317769272,2.48412765821026,2.975276139689,0.485028605996734,1.18789909476233
"190","France","Western Europe",5.6974589441217,3.3564336924255,3.15361636331509,3.48912112371526,3.09678792033528,1.59981282007591,0.92441142917637
"191","Thailand","Southeastern Asia",5.69394090834268,2.62113100851621,3.2781507620296,2.702981057891,3.2957160735444,0.254507508944017,4.46210964201778
"192","Saudi Arabia","Middle East and Northern Africa",5.61038755859097,3.58418550547613,2.66165999207681,2.46780525853848,2.52095376771592,2.69582115368587,1.17505160039302
"193","Taiwan","Eastern Asia",5.61038755859097,3.36223276130507,2.90624191144682,3.31298910684891,2.15335901586477,0.595617643592952,1.93814715352398
"194","Qatar","Middle East and Northern Africa",5.60686952281195,4.38965451657566,2.76002616490875,2.98645783586407,3.76965857430273,4.31656593619875,2.46215767830298
"195","Spain","Western Europe",5.59455639758539,3.23046636634836,3.54384924736959,3.6598817386488,2.49707706861793,0.551328126505271,1.34290525463821
"196","Algeria","Middle East and Northern Africa",5.58927934391686,2.53296591152545,2.6139673022189,2.57344282988362,1.39708618733222,1.45149234804394,0.53548964696697
"197","Guatemala","Latin America and Caribbean",5.56201456662946,2.00811408413396,2.73351279456011,2.25011774454859,3.35065243414311,0.781669550060675,2.19000365556849
"198","Suriname","Latin America and Caribbean",5.51364157466794,2.6393222785285,2.44318354505008,2.12078771041457,3.47402646430122,1.14020801394898,1.26688457789673
"199","Kuwait","Middle East and Northern Africa",5.4872563063253,3.8912474057761,2.75356255036222,2.64693526718128,2.87092365811591,2.12634600395197,1.21367010417769
"200","Bahrain","Middle East and Northern Africa",5.46878661848545,3.46558131249921,2.9618729240245,2.73550094091053,3.15085966508922,2.31527268637671,1.30352654408612
"201","Trinidad and Tobago","Latin America and Caribbean",5.42481117124771,3.19001725935014,3.09277680697661,2.19053265799167,3.22255627129431,0.111487405082783,2.42772031173909
"202","Venezuela","Latin America and Caribbean",5.3509324198883,2.72789643846927,3.24128305769865,2.57760670735091,1.32000235932508,0.746004360844023,0.323087876151281
"203","Slovakia","Central and Eastern Europe",5.34565536621977,3.07935370010874,3.39710009574759,2.92999565740762,1.55570994039265,0.264748898290864,1.05189810407183
"204","El Salvador","Latin America and Caribbean",5.33686027677223,2.10234293779548,2.54073392187129,2.48167097050456,2.47872060914428,0.953437413492006,0.674835547434098
"205","Malaysia","Southeastern Asia",5.28145121325267,3.01123268766856,2.761940147857,2.59684382124979,2.5959093105667,0.815807514550165,3.15288154717605
"206","Nicaragua","Latin America and Caribbean",5.27001759697086,1.66955433668309,2.80887979524347,2.71538941274352,3.09811809855801,1.46362030911257,2.26336360862402
"207","Uzbekistan","Central and Eastern Europe",5.26562005224709,1.77078538554775,3.66512046204119,2.08872585391644,4.04693422483058,2.54534459968614,2.60948574982797
"208","Italy","Western Europe",5.25682496279954,3.26035202422569,3.26842396344016,3.54354300221273,1.2521632699659,0.229622729566152,1.26832897075482
"209","Ecuador","Latin America and Caribbean",5.25594545385478,2.34142820081409,2.69758639331846,2.85696124663136,2.67831385146476,1.62038543551826,0.765832297493647
"210","Belize","Latin America and Caribbean",5.23835527495969,2.10826231930741,2.15417211986506,1.89743732306916,3.40731802643136,0.967631619779741,1.80047370794516
"211","Japan","Eastern Asia",5.20757246189327,3.32079709072153,3.32763192775718,3.80957313359786,3.11002319365144,1.70555067324467,0.777235399004869
"212","Kazakhstan","Central and Eastern Europe",5.20581344400376,2.95831919195822,2.99786207880544,2.38948272337877,2.69494107924887,1.00006268604476,1.14114637856632
"213","Moldova","Central and Eastern Europe",5.18646424721915,1.66457339370353,2.60841361399202,2.17808266436448,1.67615757846076,0.170959332693422,1.52018547279933
"214","Russia","Central and Eastern Europe",5.1504043804842,2.96517701200253,3.30275014943,2.45631295672876,2.17364423376139,0.322154580682402,0.207992571564683
"215","Poland","Central and Eastern Europe",5.13193469264435,2.99782986042405,3.28467713011542,2.8754905013608,3.00553769425608,0.494102117611046,1.09796663417716
"216","South Korea","Eastern Asia",5.13193469264435,3.27125234871718,2.26521450763292,3.6910691808788,1.67389627548212,0.693180352633969,1.43101321898158
"217","Bolivia","Latin America and Caribbean",5.12050107636254,1.91109397740177,2.62871438395128,1.95577324638589,3.38936062042452,0.695875455093666,1.64949664393659
"218","Lithuania","Central and Eastern Europe",5.11258549585975,3.05401585973449,3.33883343451986,2.69294611319483,1.25894717890182,0.163502882554928,0.153941870401493
"219","Belarus","Central and Eastern Europe",5.10291089746744,2.72055736789553,3.29434117516557,2.62757323695838,1.9348107338704,1.56828012129746,1.05988027512968
"220","North Cyprus","Western Europe",5.07564612018005,3.15558378396975,2.56743555283779,3.50356977852675,2.89952248990458,1.48931361922835,2.00101625318918
"221","Slovenia","Central and Eastern Europe",5.07300759334578,3.12685312736304,3.31379477234446,3.29575065413433,3.53587975165811,0.326556581366573,1.95662017797216
"222","Peru","Latin America and Caribbean",5.05101986972691,2.39667576159214,2.54951941737143,2.62299297174436,2.49421718543907,0.475416073890483,1.10435237102345
"223","Turkmenistan","Central and Eastern Europe",4.97626160942275,2.59916192184794,3.25744209406498,1.83235591825543,2.48796534779224,2.55738272400612,1.71555861202493
"224","Mauritius","Sub-Saharan Africa",4.9674665199752,2.7520792775729,2.37506457815434,2.75602885682426,3.06905370439139,0.467420603260049,2.80904002627435
"225","Libya","Middle East and Northern Africa",4.93844272479829,2.56718282416761,2.98317775061235,2.17787447049111,2.70505043374161,0.92882214436011,1.29896530348163
"226","Latvia","Central and Eastern Europe",4.89006973283678,2.93052697388389,2.98157753536054,2.662882917881,1.86198347617599,0.798648695556763,1.32618070575508
"227","Cyprus","Western Europe",4.87775660761021,3.17281255292318,2.21824348347681,3.53429919423535,1.96247844090317,0.469666521976463,2.12143300514768
"228","Paraguay","Latin America and Caribbean",4.87072053605217,2.15054017831745,3.48630425184367,2.42733236955643,3.07503950639367,0.664432593063872,1.92301903885242
"229","Romania","Central and Eastern Europe",4.86192544660462,2.81459372134528,2.28432296034573,2.81486444543707,2.44167514564127,0.0609991523378,0.979830502520907
"230","Estonia","Central and Eastern Europe",4.85225084821232,3.0791371373705,3.29967522600495,2.83551727767482,2.76085141018509,1.66368674837072,0.640322160193468
"231","Jamaica","Latin America and Caribbean",4.84609428559904,2.14957767725859,3.02384204407015,2.47621629102241,2.89958899881572,0.385758998731242,1.69107995411417
"232","Croatia","Central and Eastern Europe",4.82674508881443,2.85499470329055,1.90798998524324,2.93653294503127,1.59002853853906,0.359526668123528,1.4013651550524
"233","Hong Kong","Eastern Asia",4.80035982047179,3.63512587401583,2.73043787113506,3.96721753450944,3.19768193852928,2.84306358473396,3.04820107530304
"234","Somalia","Sub-Saharan Africa",4.7845286594662,0,1.05466735802235,0.477430190399417,3.77624295650524,2.80110982311135,2.06966292428673
"235","Kosovo","Central and Eastern Europe",4.75022781062076,2.16911644875327,2.07281215617982,2.24849383233634,0.957462284720303,0.588161193454458,2.12797078334745
"236","Turkey","Middle East and Northern Africa",4.73967370328371,2.80309183369201,2.75227610280684,2.69477821928044,1.5888313781386,1.10930417241113,0.357829325422136
"237","Indonesia","Southeastern Asia",4.67371053242709,2.28844251752433,2.74938943999965,2.05587286069953,2.6096101462608,0.0289274330674103,4.29676467010507
"238","Jordan","Middle East and Northern Africa",4.66403593403479,2.3983842009716,2.70517957157215,2.52797328794082,2.39585050586826,1.1945592468862,1.08420689168696
"239","Azerbaijan","Central and Eastern Europe",4.65348182669773,2.70397828715682,2.38595231722058,2.26947977477148,2.34956030371729,1.6093355154335,0.428756616821935
"240","Philippines","Southeastern Asia",4.64292771936068,1.95428621241771,2.75729638594978,1.9585214055143,3.64827981147871,1.0562106539551,1.64767214769479
"241","China","Eastern Asia",4.61302441523901,2.47314647071786,2.49071935105977,3.06298990371285,2.92719019693734,0.24660187506224,0.376986535960988
"242","Bhutan","Southern Asia",4.56992847694603,2.0518116322058,2.85014024732449,2.0719037889486,3.0643315717007,1.45176185828991,3.69049977309178
"243","Kyrgyzstan","Central and Eastern Europe",4.56025387855372,1.34856023355625,2.99441063414467,2.30882841683737,2.67445633461884,0.427802597102509,2.92162664852847
"244","Serbia","Central and Eastern Europe",4.55321780699568,2.48895555060949,2.55184129832504,2.68903206837558,1.04538706524269,0.389801652420787,1.57644077358803
"245","Bosnia and Herzegovina","Central and Eastern Europe",4.54090468176912,2.24703090946727,2.01962853163432,2.94660952850211,0.632566253818756,0,2.27218200712603
"246","Montenegro","Central and Eastern Europe",4.53914566387961,2.59485472960958,2.32730913475714,2.64543627129305,1.00501615618286,1.14281327966002,1.30687145386274
"247","Dominican Republic","Latin America and Caribbean",4.53386861021108,2.47331490840316,3.12186307243601,2.4012664966112,3.47568918707963,1.11146025437888,1.6181761251191
"248","Morocco","Middle East and Northern Africa",4.53035057443206,2.02264785012261,1.21098642438558,2.47629956857175,1.70568753500534,0.754988035709678,0.308111802833209
"249","Hungary","Central and Eastern Europe",4.52507352076353,2.98717016119728,2.92318536705424,2.8151142780851,1.31488117316757,0.401749939992109,0.75260469974063
"250","Pakistan","Southern Asia",4.51363990448172,1.6558868216474,0.820031874629283,1.67829245196572,0.972493298637141,1.24693407135297,2.37070480418299
"251","Lebanon","Middle East and Northern Africa",4.51100137764745,2.70145172187733,2.01388658278959,3.1716671056091,1.74439572128675,0.274990287637711,1.80115789403583
"252","Portugal","Western Europe",4.50572432397892,3.07054681542025,2.9609316209352,3.30457807436499,2.9747440683999,0.136641694706618,0.888757731784617
"253","Macedonia","Central and Eastern Europe",4.50396530608942,2.45269332321727,2.45479294981812,2.69561099477389,1.84016855332324,0.633079567782735,1.78701804816192
"254","Vietnam","Southeastern Asia",4.45119476940413,1.78151727235394,2.48243588387392,2.75469641603473,3.7214396137288,1.03815346747514,1.90621846929256
"255","Somaliland Region","Sub-Saharan Africa",4.44767673362511,0.614990051552899,2.38030449868478,1.37857655187022,2.6024936927692,3.30545333006924,3.91346841797454
"256","Tunisia","Middle East and Northern Africa",4.43712262628805,2.35148633687908,1.35437826165575,2.48071327868708,1.56648438399676,0.733966236524045,0.299217383654457
"257","Greece","Western Europe",4.42656851895099,3.00507268089191,2.36809893529351,3.33230949829713,0.387214880636399,0.370756261705598,0
"258","Tajikistan","Central and Eastern Europe",4.39402668799506,1.17509348022482,2.3721465385775,2.21181007184952,2.88701881461093,1.21360463760139,1.97638555392494
"259","Mongolia","Eastern Asia",4.31575039191188,2.37865292926515,3.41953448604259,2.30966119233083,2.3924585514003,0.295113719336779,2.6256781539739
"260","Laos","Southeastern Asia",4.28848561462449,1.63726242615863,1.72478102729564,1.59439032099983,3.46963687616621,2.01440941512591,3.27489473334612
"261","Nigeria","Sub-Saharan Africa",4.28760610567973,1.80988699106358,2.0237388884576,0.212690861029149,1.85253921079462,0.274002083402489,1.76512409326037
"262","Honduras","Latin America and Caribbean",4.28408806990071,1.6706371503743,2.37195827795964,2.43099658172764,1.77944591745566,0.620412586222161,1.55386263259581
"263","Iran","Middle East and Northern Africa",4.23307655110493,2.68917983337698,1.21920713803214,2.67454177478941,1.49937689266008,0.500390690017005,2.92968484026307
"264","Zambia","Sub-Saharan Africa",4.21724539009934,1.4726747450951,2.0005828324608,0.98155083536416,2.83740316690314,1.03123603782858,1.35818541066324
"265","Nepal","Southern Asia",4.21548637220983,1.07381430630721,2.18692946737273,2.08497836419588,2.46162781898221,0.629575934585129,2.90094902445479
"266","Palestinian Territories","Middle East and Northern Africa",4.1811855233644,1.61276677421087,2.24748663278442,2.36691450750606,1.18013411920513,0.953437413492006,0.847934628374443
"267","Albania","Central and Eastern Europe",4.09411413783367,2.2986931538011,1.57395289562,3.03992202254406,2.11937296227405,0.476224604628392,1.28018819632649
"268","Bangladesh","Southern Asia",4.08356003049661,1.30363549663438,0.776543671903582,2.20639703114205,2.64559146718562,1.13041580834542,1.45442758741795
"269","Sierra Leone","Sub-Saharan Africa",4.07652395893857,0.877921278304544,1.97046113360317,0,2.0408259382219,0.736301991989115,1.81666611209109
"270","Iraq","Middle East and Northern Africa",4.02375342225328,2.58609596997403,1.85766164673529,2.1267420551928,1.65314549520755,1.22501390468077,1.48916903668881
"271","Namibia","Sub-Saharan Africa",4.02287391330853,2.24472090692602,2.20773226564628,1.44673922600975,3.23326420598728,0.934122512530847,0.592581175199819
"272","Cameroon","Sub-Saharan Africa",3.96922386767849,1.26321045216263,1.96236592703519,0.528729160796424,2.84232482632724,0.550339922270049,1.72414894849672
"273","Ethiopia","Sub-Saharan Africa",3.96482632295471,0.704622962658406,1.19018362611203,1.43978555063937,2.44107656544105,1.54249697443303,2.24428241876191
"274","South Africa","Sub-Saharan Africa",3.92173038466173,2.46438771108231,3.01383285455391,0.774939235437254,2.82549807180971,0.7559762399449,1.03813836158162
"275","Sri Lanka","Southern Asia",3.88303199109251,2.34171695113174,2.66021666067321,2.58189550114222,3.37978333722087,0.715459866300795,3.57129935196114
"276","India","Southern Asia",3.87335739270021,1.78149320982747,0.917676381759427,1.87753398877552,2.6793114851318,0.783556121782462,1.90264549748571
"277","Myanmar","Southeastern Asia",3.86544181219742,0.820820902988203,2.19577771641216,1.66055433395506,2.83939843423723,1.81856530305462,6.23149089317568
"278","Egypt","Middle East and Northern Africa",3.83641801702051,2.29544471272748,1.56297102624482,2.17004638085261,1.25349344818863,0.933673328787564,0.965918718677217
"279","Armenia","Central and Eastern Europe",3.834658999131,2.07144665380636,1.96032643700837,2.66833759736315,0.933585585622319,0.324849683142099,0.592429133846336
"280","Kenya","Sub-Saharan Africa",3.83114096335198,1.25767607107424,2.39216491760997,1.25528414006377,2.69866557827251,0.600648501517719,3.14178252837179
"281","Ukraine","Central and Eastern Europe",3.80299667711983,2.10034574809836,3.18201233984234,2.4411980815225,0.855238088303583,0.164311413292837,1.54800904048671
"282","Ghana","Sub-Saharan Africa",3.76078024777159,1.51851385802288,1.54853771220888,1.2358804710662,2.72506961599368,0.292867800620365,1.61186640894955
"283","Congo (Kinshasa)","Sub-Saharan Africa",3.75726221199258,0.136217962353899,2.53135226774792,0.782808963850431,1.03767203155086,0.545758248088564,1.93533438848454
"284","Georgia","Central and Eastern Europe",3.73967203309748,2.01624721808125,0.603971438865088,2.66633893617885,2.15894576440023,2.86399554717094,0.515876312367668
"285","Congo (Brazzaville)","Sub-Saharan Africa",3.7255998899814,1.8554373536737,1.49977821218309,1.17471311107172,2.52321507069456,0.876177809647369,0.918101713006827
"286","Senegal","Sub-Saharan Africa",3.71064823792057,1.06630679804817,2.42906399871056,1.68457990694132,2.06550074425352,1.04938306105721,1.45222298779245
"287","Bulgaria","Central and Eastern Europe",3.70888922003106,2.67830357141197,2.90366901633607,2.82335875547034,1.41125258540429,0.0552496004237806,0.972532517553725
"288","Mauritania","Sub-Saharan Africa",3.69481707691498,1.47722256259817,2.64010415133182,1.19249286785705,0.843332993210159,1.61301882212842,1.72460507255717
"289","Zimbabwe","Sub-Saharan Africa",3.68778100535694,0.84317499008002,2.24274874056827,0.664138456032679,1.69125510128873,0.770978976970545,1.40661058174756
"290","Malawi","Sub-Saharan Africa",3.65523917440102,0.209560543038352,0.461238513757431,1.2226809794949,2.75546418838303,0.679525166838173,2.35420831733008
"291","Sudan","Sub-Saharan Africa",3.64028752234019,1.51759948201697,2.57063598334141,1.23912829549069,0,0.901871119763144,1.37422577345569
"292","Gabon","Sub-Saharan Africa",3.6244563613346,2.78766775422392,2.27067406555087,1.45485878707096,1.86876738511191,0.836739476987142,0.474673105573787
"293","Mali","Sub-Saharan Africa",3.58223993198637,0.752964578339202,2.70885065362043,0.680669049577819,1.83192144834232,1.22600210891599,1.60129953488249
"294","Haiti","Latin America and Caribbean",3.5426620294724,0.820459965091134,0.927528687427443,1.14481647085658,0.802895575239199,1.30047677355227,3.64579961516779
"295","Botswana","Sub-Saharan Africa",3.49516854645564,2.63306602164596,2.79836857741294,1.44703069743246,2.93231138309485,0.967451946282428,0.944556908512862
"296","Comoros","Sub-Saharan Africa",3.47933738545005,0.661936040698361,1.89274087519657,1.24837210346807,1.02503533843493,1.65632013498088,1.3888977640668
"297","Ivory Coast","Sub-Saharan Africa",3.44415702765986,1.33563865684118,1.80654888898625,0.186375155435879,2.70445185354138,1.39516470663628,1.54610852356818
"298","Cambodia","Southeastern Asia",3.43624144715707,1.33797272190889,1.68650136833074,1.76939809095001,3.91418243820223,0.726958970128833,3.06659807907447
"299","Angola","Sub-Saharan Africa",3.40018158042212,2.03884193043778,2.08235069415141,0.20781912439242,0.0391737486593678,0.757683138169375,0.917645588946378
"300","Niger","Sub-Saharan Africa",3.39138649097457,0.319309726273847,1.89923586651274,1.08935362299229,2.53006548854161,1.54303599492497,1.59415359126879
"301","South Sudan","Sub-Saharan Africa",3.37027827630046,0.947919167809489,0.581066397025433,0.65710150311296,1.30769821076484,1.16922528376505,1.96885950692753
"302","Chad","Sub-Saharan Africa",3.30959215911237,1.01577549245849,1.98232155252837,0.159226674349151,0.851779624924488,0.444871579347254,1.41907797273317
"303","Burkina Faso","Sub-Saharan Africa",3.28848394443826,0.76988053444851,1.97843083309259,0.88678098420865,2.21940236462327,1.12592397091259,1.85133154068521
"304","Uganda","Sub-Saharan Africa",3.28848394443826,0.835426856556269,2.85468987892278,0.817160952955569,2.90331349783936,0.57872833484552,2.06031238104753
"305","Yemen","Middle East and Northern Africa",3.27529131026694,1.39415872121932,1.49017692067222,1.29280067604405,1.52105879769056,0.529318123084415,0.746599066278054
"306","Madagascar","Sub-Saharan Africa",3.24978555086905,0.672643864978079,1.44693973210367,1.54517328933647,0.910107939991152,0.674314635416093,1.67549571538217
"307","Tanzania","Sub-Saharan Africa",3.22427979147116,1.13466843575307,2.43555899002674,1.48650425582236,2.11232301769358,0.458077581399768,2.39252273840779
"308","Liberia","Sub-Saharan Africa",3.18558139790194,0.257613408401492,1.57991448185224,0.964562215297619,1.71247144394126,0.435887904481599,1.82928554443018
"309","Guinea","Sub-Saharan Africa",3.17238876373062,0.539361530853675,0.975503768212145,0.784016488315945,2.05865032640647,1.07085404398612,2.27408252404457
"310","Rwanda","Sub-Saharan Africa",3.09147394081318,0.790357744475567,1.93236973525613,1.32681955495181,3.61276405293185,4.53864237887776,1.79043897861529
"311","Benin","Sub-Saharan Africa",3.06420916352578,0.950445733088973,0.326914562914195,0.875580153821641,2.64352969094039,0.600199317774436,1.53409725664302
"312","Afghanistan","Southern Asia",2.95515005437618,0.919838199417509,0.346305406553793,0.722182907926695,1.09274140997184,0.638918956445411,2.37701452035253
"313","Togo","Sub-Saharan Africa",2.90501804452516,0.676710431951725,0,1.0330996384092,2.30639602038974,1.04093840668349,1.33165419448047
"314","Syria","Middle East and Northern Africa",2.69921295145253,1.79792791540735,0.466447057518229,2.62299297174436,0.459709593775128,1.54815668959839,3.6791726922573
"315","Burundi","Sub-Saharan Africa",2.55497348451274,0.164371118325294,0.735534233979707,0.655685784774082,0.287318496109455,0.84617233559608,1.54245953108458
"316","Norway","Western Europe",6.62885907430489,3.88961881634277,4.81170154713071,3.31722170058858,4.22612643991268,2.83851635867075,2.75204152690338
"317","Denmark","Western Europe",6.61566613817813,3.56698804853883,4.86691848973983,3.30014572914123,4.16350254742631,3.60038798831361,2.70086631862578
"318","Iceland","Western Europe",6.5998352858381,3.5627771247646,5.05346096123028,3.47080889909055,4.1711903981023,1.37923269353991,3.61508893982532
"319","Switzerland","Western Europe",6.59103999508693,3.76573619264276,4.75957903944169,3.57315354025069,4.12402188819238,3.2970741249698,2.20877527600182
"320","Finland","Western Europe",6.56905218759155,3.47359876624336,4.83279666868542,3.36923338769968,4.10992386139969,3.43725770162096,1.86617665005695
"321","Netherlands","Western Europe",6.48813735796398,3.61887076004369,4.48354968435199,3.37563932783351,3.89332849000819,2.5393419364922,3.57669552597573
"322","Canada","North America",6.43448742640599,3.55933954230476,4.64799460643984,3.47499580428824,4.06436562578698,2.58165226744026,3.31100244478839
"323","New Zealand","Australia and New Zealand",6.43272853600878,3.38248389911177,4.85773617584491,3.40088733410268,4.08406036664368,3.43910078505552,3.80107280526861
"324","Sweden","Western Europe",6.40634308313782,3.59587332191351,4.63799538865691,3.45966234981736,4.07649144316837,3.45331319659532,2.92983119661006
"325","Australia","Australia and New Zealand",6.40634308313782,3.57187736704915,4.73802384838964,3.5138412008992,4.00122519282565,2.70573670841401,3.63150202625914
"326","Israel","Middle East and Northern Africa",6.34389786082865,3.30951759712129,4.31835331541843,3.49101152327533,2.70018599745625,0.765787311804578,2.5093106810151
"327","Costa Rica","Latin America and Caribbean",6.22604381656428,2.67023368007818,4.44421710868965,3.1625035164917,3.85839243553626,0.899325051942918,1.63150429090157
"328","Austria","Western Europe",6.16183970385791,3.57833172643905,4.58083568103213,3.39492763318317,3.77615110487362,1.9859344487821,2.40584400692855
"329","United States","North America",6.15040607751092,3.72069049531764,4.45525204390198,3.22403464259289,3.36362515248088,1.21853477364025,2.98441045794403
"330","Ireland","Western Europe",6.1363341155681,3.69529816600282,4.88922587571806,3.37183562249505,3.81169448091703,2.68062215314161,3.25260792532004
"331","Germany","Western Europe",6.11346686287411,3.58031958078207,4.62029318613522,3.32673294942622,3.74120196840962,2.48606975704601,2.55634098741808
"332","Belgium","Western Europe",6.06069595713218,3.52222633040558,4.58826486831394,3.40643430097692,3.5899563009441,2.25798496920708,1.75990403939116
"333","Luxembourg","Western Europe",6.03606981404098,4.19155639333796,4.57342669192339,3.51884910683156,3.96810713882812,2.86430480136394,2.15276098824131
"334","United Kingdom","Western Europe",5.9050232530324,3.46893548369584,4.69540832152538,3.35332016971121,3.37991659327811,2.38451944744253,3.74610250263181
"335","Chile","Latin America and Caribbean",5.85049345689326,3.01451628359916,4.02885551930348,3.41221307398362,2.50668945982893,0.739248476593048,2.48330983276483
"336","United Arab Emirates","Middle East and Northern Africa",5.84697525671628,3.91339303795935,3.97358621106054,3.02629879968717,4.0460381513141,2.91510873761095,2.74390510378104
"337","Brazil","Latin America and Caribbean",5.83554204975183,2.6645715939488,4.49097587931185,2.56724844966661,2.90945723719383,0.998021246179853,1.23419488596556
"338","Czech Republic","Central and Eastern Europe",5.81267479705784,3.25489549038184,4.49906861398254,3.1414123848613,3.2652295437258,0.331254388406619,0.669793543650882
"339","Argentina","Latin America and Caribbean",5.80387950630667,2.85212034452978,4.51967037645835,2.8944656387897,3.28899337875379,0.536683727736804,0.832099982814372
"340","Mexico","Latin America and Caribbean",5.78540989898827,2.77485161435879,3.79929430556814,2.95626555080251,2.74502234496083,1.19279947622041,0.919777458061378
"341","Singapore","Southeastern Asia",5.78013280841407,4.07204762288791,4.24783214227754,3.95356998858749,3.65692975758337,4.17119017833968,2.63005680419021
"342","Malta","Western Europe",5.74055483879891,3.23227066737312,4.67015499460307,3.42247508679418,3.91582555213693,1.3750957958512,4.36914072619565
"343","Uruguay","Latin America and Caribbean",5.67635072609252,2.92975623971649,4.43111485306108,2.99473072579148,3.85347479578813,1.59964997049264,1.33109870435094
"344","Guatemala","Latin America and Caribbean",5.67635072609252,2.0982569907967,3.93962073882718,2.24949312028014,3.5336890673341,0.69374882684148,2.15509794712825
"345","Panama","Latin America and Caribbean",5.67459183569531,2.96871043995239,4.30863462781682,2.94034761727173,3.65816858259045,0.637696493649732,1.60066810139636
"346","France","Western Europe",5.66579654494414,3.44316336806785,4.35439545907402,3.51625233213782,3.12739608952903,1.54970572932239,0.986461837918776
"347","Thailand","Southeastern Asia",5.64996527322156,2.71393721716218,4.4736761440903,2.69502401050024,3.8588518909549,0.283998535025043,4.3493186024015
"348","Taiwan Province of China","Eastern Asia",5.64820638282434,3.44966763895209,4.34431881496104,3.30605306272246,2.4040749086297,0.57342110074455,1.96407381756884
"349","Spain","Western Europe",5.63149566590316,3.33121102575026,4.80720633150526,3.70152301122884,2.71875945302254,0.637069192010108,1.44540827861882
"350","Qatar","Middle East and Northern Africa",5.60686952281195,4.50153488417778,3.99833196537479,2.95676142730428,4.0180093886577,3.94652168112029,2.51228472457389
"351","Colombia","Latin America and Caribbean",5.59103825108938,2.57618780346941,4.39959710016981,2.47762336341943,3.17571680580155,0.419256803187977,1.13281810788023
"352","Saudi Arabia","Middle East and Northern Africa",5.57960462474238,3.6830669814161,4.03717866276311,2.45730533254129,2.99124208561786,2.45642647482772,1.12218692733824
"353","Trinidad and Tobago","Latin America and Caribbean",5.42481136584121,3.27576623989743,4.33071123096589,2.16514671136844,3.44935660005949,0.0805369931477704,2.47292571510858
"354","Kuwait","Middle East and Northern Africa",5.36940212450346,3.92929615955107,3.95252774544954,2.63201071499534,3.301087284003,1.9329234442183,1.73547449296934
"355","Slovakia","Central and Eastern Europe",5.36324558873065,3.18923175633714,4.72238971436464,2.96773250876628,1.96744974650305,0.21750241934997,1.03802038448399
"356","Bahrain","Middle East and Northern Africa",5.35357085278088,3.58149594307077,4.15149321548955,2.71956592635522,3.56984531488501,2.30918327818783,1.31263752210151
"357","Malaysia","Southeastern Asia",5.35093251718505,3.10699052183197,4.03080426896304,2.57654253537159,2.67542059718652,0.589335432769921,3.16708927673265
"358","Nicaragua","Latin America and Caribbean",5.33949889083806,1.77412816104379,4.0388670804144,2.7194115543912,2.97661859881017,1.1740583377347,2.29334781307086
"359","Ecuador","Latin America and Caribbean",5.2840896495003,2.40822673278263,4.03558225901126,2.8549052170528,3.0274736537292,1.25892411045076,1.14116511784554
"360","El Salvador","Latin America and Caribbean",5.27969200412473,2.18917135140797,3.7091266687289,2.48174822200778,2.87619468664748,0.808359687771757,0.594922501152662
"361","Poland","Central and Eastern Europe",5.2533069706363,3.10836796433631,4.53617714636738,2.91252964044404,3.46073872601263,0.532802047840659,1.20466900200787
"362","Uzbekistan","Central and Eastern Europe",5.25154808023909,1.89237594914293,4.86016481913463,2.07474616659784,4.37794018297346,2.21472940204958,3.16233583665442
"363","Italy","Western Europe",5.24539154446629,3.35688274469423,4.53370249612793,3.55238852559893,1.70562576605672,0.251795260384081,1.31355859882036
"364","Russia","Central and Eastern Europe",5.24451167988513,3.08428193930402,4.61013350508857,2.2790955575922,2.48599077518648,0.296127805796691,0.397313114844085
"365","Belize","Latin America and Caribbean",5.23835514411233,2.18481800776632,3.39313971673288,1.8745433505051,3.64142521843063,0.867652945567706,1.82461514463241
"366","Japan","Eastern Asia",5.20669302004972,3.40945589853728,4.50676411791648,3.80360159652817,3.3628604505805,1.47117321323685,0.91660234314901
"367","Lithuania","Central and Eastern Europe",5.19086174832715,3.16321725442923,4.62341754427463,2.61887048407111,1.55785009698905,0.106597077464069,0.077272407938106
"368","Algeria","Middle East and Northern Africa",5.16447671483872,2.62730176322258,3.59646013730768,2.57154679057466,1.55189105138694,1.31247995446681,0.527862089544164
"369","Latvia","Central and Eastern Europe",5.14512724293917,3.03367971579156,4.40754171490473,2.65891462117436,2.1662478605247,0.663379047397786,1.1636848828871
"370","South Korea","Eastern Asia",5.13457306179078,3.37279246378236,3.54016072223891,3.74838110696887,1.7154089157967,0.568510919248485,1.57115252588554
"371","Moldova","Central and Eastern Europe",5.13457306179078,1.75384688348707,3.92782425768262,2.4544608677831,1.60106269178034,0.0906568337712596,1.58715304788571
"372","Romania","Central and Eastern Europe",5.12313943544379,2.93005513498711,3.60861494900385,2.85291525819832,3.03948212960592,0.0394194732219694,1.01502745040363
"373","Bolivia","Latin America and Caribbean",5.12138054504657,2.00622894411231,3.85187202023141,1.97213832372091,3.71607185805782,0.543312228448876,1.71472789406727
"374","Turkmenistan","Central and Eastern Europe",5.12050109984796,2.72093457918863,4.6850197278508,1.82263776309594,2.78188105584376,2.32920043870274,1.89994666885023
"375","Kazakhstan","Central and Eastern Europe",5.1178623448696,3.09096692421943,4.34370277068287,2.52348275693566,2.90946080500985,1.071598668328,1.5353472118755
"376","North Cyprus","Western Europe",5.10994691869958,3.24100890789998,3.72223677920255,3.47536882850354,3.13392400357438,1.39564400749808,2.0285790937118
"377","Slovenia","Central and Eastern Europe",5.0642124133116,3.22728037848347,4.55753484417178,3.29291183905249,3.80813935046468,0.405424072458111,1.84463482811143
"378","Peru","Latin America and Caribbean",5.02639375347619,2.49101355155338,3.82410776116615,2.62393448013831,2.99292014841947,0.422673696209864,0.964092055115051
"379","Mauritius","Sub-Saharan Africa",4.95075601442282,2.86198618324167,3.79521165632937,2.65658489508718,3.26723247599726,0.378945377080468,2.74384279998135
"380","Cyprus","Western Europe",4.94371961406886,3.26272958705744,3.54985247894311,3.51728851051366,2.36180818150782,0.370468572113535,2.06209355364667
"381","Estonia","Central and Eastern Europe",4.93492474270024,3.17836940882472,4.63331689331301,2.89459568848286,3.18665097263212,1.64624873678543,0.7517746391311
"382","Belarus","Central and Eastern Europe",4.89798510868089,2.78296969022625,4.53377131953239,2.65536406600197,1.96467497669916,1.4042725509218,1.17936584303462
"383","Libya","Middle East and Northern Africa",4.85928700364687,2.65121654019673,4.25959832616253,2.16592006030715,3.09754100149417,0.831980017499667,1.15607430383423
"384","Turkey","Middle East and Northern Africa",4.83729919615149,2.88335088444248,4.19743732646521,2.65491162212673,2.00019298160642,0.895417067144468,0.354963664592691
"385","Paraguay","Latin America and Caribbean",4.83114266037869,2.24392038824075,4.72937304567826,2.4119289098321,3.14924876444208,0.818106557678069,1.70400846868899
"386","Hong Kong S.A.R., China","Eastern Asia",4.81267305306028,3.73372169805191,3.96222997528052,3.92679638028807,3.26537899557465,2.64060523484614,2.84671430286131
"387","Philippines","Southeastern Asia",4.77573341904093,2.06384100752482,3.93438828988524,1.94873235718956,3.89219907802573,0.892365430743091,1.47110213905602
"388","Serbia","Central and Eastern Europe",4.74495074017693,2.57304825573721,3.94779314406938,2.70978762891101,1.38814425211588,0.367466265770673,1.67341186561354
"389","Jordan","Middle East and Northern Africa",4.69305969901615,2.38462619742935,3.88786067613244,2.51743892081389,2.78287350333344,1.076273645176,1.30885149011317
"390","Hungary","Central and Eastern Europe",4.68250551786777,3.09446962110004,4.21431776257574,2.86376274281453,1.1696491177995,0.329134333761567,0.596014743401229
"391","Jamaica","Latin America and Caribbean",4.67107189152077,2.22717766352318,4.2930263025685,2.66913866146001,3.15456580137251,0.49650777522283,1.77750282377309
"392","Croatia","Central and Eastern Europe",4.65524103918074,2.94177917289583,3.03721798428528,2.92007947186749,1.70111366806289,0.387224326344593,1.88533540830375
"393","Kosovo","Central and Eastern Europe",4.6429275482526,2.28951181325526,3.5702167258654,2.25453999148316,1.73114675047477,0.516306330620904,2.4321405150283
"394","China","Eastern Asia",4.6376504576784,2.60155804551377,3.64233280659714,3.0871632970177,3.14445956607067,0.204776351924001,0.218991554767368
"395","Pakistan","Southern Asia",4.63413267688397,1.74906541970011,2.11068608076766,1.67407770497523,1.56439109302648,1.11710260182956,2.39804198529114
"396","Indonesia","Southeastern Asia",4.62797614111117,2.39551737313246,3.99879577527456,2.05006725182944,2.94849608187724,0.137604165119637,4.6502196740792
"397","Venezuela","Latin America and Caribbean",4.61742195996279,2.71529056446237,4.49107499997592,2.56971294098925,1.02421809849325,0.579367280403024,0.494283626615056
"398","Montenegro","Central and Eastern Europe",4.60598833361579,2.69771971052572,3.88562541164768,2.77924111427809,1.29685097578543,0.7921282913133,1.50453299861965
"399","Morocco","Middle East and Northern Africa",4.60422944321857,2.11296553527279,2.43127428879768,2.48879398677704,2.71461662398682,0.788435899619977,0.244862258876033
"400","Azerbaijan","Central and Eastern Europe",4.60334999801997,2.77585730228471,3.61585973444647,2.25172406816526,2.64809112647012,1.62593291857568,0.344140588347635
"401","Dominican Republic","Latin America and Caribbean",4.59983179784299,2.59724615136021,4.4003305930839,2.39370383517993,3.67521481468801,1.02364710717409,1.42134224654834
"402","Greece","Western Europe",4.59719346224717,3.10283266487642,3.88888255407291,3.37356895657333,0.636698126186607,0.388901280599728,0
"403","Lebanon","Middle East and Northern Africa",4.59543415246741,2.58669159139615,3.54439597989633,3.06078753157731,1.91888840086114,0.337012049598597,2.01037256408369
"404","Portugal","Western Europe",4.56904911897899,3.16464403473258,4.28933938790546,3.31379499044841,3.31523843161198,0.142565994249898,0.722977256511369
"405","Bosnia and Herzegovina","Central and Eastern Europe",4.557615492632,2.36392526173355,3.35523073823067,2.93630937574999,1.35946327286975,0,2.50007295327333
"406","Honduras","Latin America and Caribbean",4.55673604743338,1.75794349846538,3.58932980817902,2.42574793066241,2.31504124911219,0.658911698557263,1.79552380135772
"407","Macedonia","Central and Eastern Europe",4.55145895685919,2.56164347928358,3.78997808526667,2.68548521296805,2.16756517748424,0.54151609893026,1.92910801893985
"408","Somalia","Sub-Saharan Africa",4.53035059456242,0.0544852221356157,2.26273998474667,0.474636799540988,4.00468082085342,2.53708252610519,2.21700096347718
"409","Vietnam","Southeastern Asia",4.46262828167906,1.89744469086993,4.00835512173319,2.71555175891791,3.79802855628683,0.787268510813247,1.78624302735435
"410","Nigeria","Sub-Saharan Africa",4.46262828167906,1.88591556595199,3.81469503848232,0.236990126672174,2.62678650774021,0.234667656573539,1.75567621682312
"411","Tajikistan","Central and Eastern Europe",4.43360449321228,1.26259357427267,3.9894410288282,2.20367021017019,3.1363388203842,1.31500468961902,1.8928969372743
"412","Bhutan","Southern Asia",4.40721945972386,2.13053552866643,4.20488409363835,2.06478061248666,3.33567250323292,1.55759305013011,3.60379473357489
"413","Kyrgyzstan","Central and Eastern Europe",4.40106292395106,1.43465613634814,4.37467031037853,2.30453044824869,3.0257789411195,0.354308761133479,3.2580970033533
"414","Nepal","Southern Asia",4.36412328993171,1.15456860680893,3.70020992340562,2.09913879831077,2.92842691855039,0.655588579500069,2.99594572325947
"415","Mongolia","Eastern Asia",4.3579667541589,2.47178902080758,4.68458696329108,2.32254208256475,2.62140861972543,0.295583468346388,2.57302798401131
"416","South Africa","Sub-Saharan Africa",4.24714869086595,2.53787155244835,4.34501939233386,0.778978489619214,3.18741785486451,0.651401749350504,1.05944224329518
"417","Tunisia","Middle East and Northern Africa",4.22604032856917,2.42373601252545,2.72460637143088,2.55333983353242,1.92663472407748,0.779092572349739,0.377772264385669
"418","Palestinian Territories","Middle East and Northern Africa",4.19965529508076,1.72347659973233,3.62604746851123,2.3553679653248,1.6940555369145,0.8020858681724,0.867952194593637
"419","Egypt","Middle East and Northern Africa",4.16447497084116,2.38147259416138,3.12974300974821,2.16599600535697,1.87628392048934,1.0275649981444,0.977864933076838
"420","Bulgaria","Central and Eastern Europe",4.14600536352277,2.79476400581377,4.50061938482487,2.94893164157952,1.92364866028038,0.0992833608204739,0.860384491882926
"421","Sierra Leone","Sub-Saharan Africa",4.14160771814718,0.886513834981711,3.0879009981039,0.0231709533647623,2.11962364076988,0.638695946070011,2.22771676390712
"422","Cameroon","Sub-Saharan Africa",4.12929464660158,1.3578612785256,2.96829957358034,0.55334649115805,2.86246870378093,0.460922095094104,1.79635685979954
"423","Iran","Middle East and Northern Africa",4.12665589162321,2.78372897600488,2.23261796301751,2.66210505782619,1.65821751873141,0.438053630423588,2.94384683283141
"424","Albania","Central and Eastern Europe",4.08443958641221,2.39709144971359,2.52170468890675,3.04445959405207,2.53730588016014,0.358127155316835,1.5303946261975
"425","Bangladesh","Southern Asia",4.05277704296705,1.41170746232163,2.30660592813913,2.22035032425,3.18149805523863,1.11144102381125,1.30949684419843
"426","Namibia","Sub-Saharan Africa",4.02287380930165,2.32067264918451,3.44664654735666,1.4099380916443,3.46048223968316,0.836802114386499,0.586375949108843
"427","Kenya","Sub-Saharan Africa",4.00440420198326,1.34865518945135,3.35088439062144,1.29075350433871,3.01128250820455,0.580716594717276,3.38185817731537
"428","Mozambique","Sub-Saharan Africa",4.00176586638743,0.563798590539381,2.73197851757582,0.444096000332699,3.19768920076328,1.6119981475823,2.44959985217854
"429","Myanmar","Southeastern Asia",3.99736822101185,0.88336073369716,3.52435153738077,1.65523526656022,3.42183050303797,1.69626339209619,6.37110408979397
"430","Senegal","Sub-Saharan Africa",3.98857293026068,1.15333860400621,3.70149213335437,1.70453675777572,2.51351984538802,1.03725912437892,1.39474294198204
"431","Zambia","Sub-Saharan Africa",3.97010332294227,1.53135549731477,3.14767767828016,1.07359707271223,3.07007456628499,0.702645104639775,1.89732515151811
"432","Iraq","Middle East and Northern Africa",3.95515191580085,2.65340002464968,3.07057208774348,2.08685406603601,1.91915142818665,0.963191480590936,1.51765599131074
"433","Gabon","Sub-Saharan Africa",3.92700757253267,2.8831965603968,3.62596293541659,1.48474954991359,2.07726335758347,0.683179610803669,0.332859409255327
"434","Ethiopia","Sub-Saharan Africa",3.92260992715708,0.81628233866312,2.71305264240321,1.47155471797314,2.71916856259288,1.48640033805629,2.37679208496713
"435","Sri Lanka","Southern Asia",3.90501976503729,2.42995458313181,3.95339888517262,2.60296818628588,3.73256825006422,0.661683284802837,3.73157801428636
"436","Armenia","Central and Eastern Europe",3.84873107850093,2.16706328447413,3.16115846263338,2.65457359219909,1.31889343868958,0.239634330022639,0.634682124050053
"437","India","Southern Asia",3.79508114694294,1.90628447547145,2.3669775193199,1.89634479171913,3.12583239505207,0.828536351040322,1.76017126605206
"438","Mauritania","Sub-Saharan Africa",3.77485222984477,1.56035206758485,3.99122183441921,1.18815943580906,0.639137620390567,1.23037720049634,1.53462958538259
"439","Congo (Brazzaville)","Sub-Saharan Africa",3.77397278464617,1.94657237394225,2.6106864311595,1.20734722565161,2.89330969830942,0.715263425713377,0.918726053121529
"440","Georgia","Central and Eastern Europe",3.76957513927058,2.28741423967903,1.79040533381637,2.70463403753994,2.05785245631239,2.26089122584306,0.410578669956853
"441","Congo (Kinshasa)","Sub-Saharan Africa",3.76429846807893,0.221621520617445,3.85627858831957,0.796995397897071,1.56935323136888,0.541188760190548,1.87357392355557
"442","Mali","Sub-Saharan Africa",3.68514252884859,1.14581057379295,4.0208495619689,0.705217914772178,2.03925462066996,0.943018565603617,1.39387102862514
"443","Ivory Coast","Sub-Saharan Africa",3.67634723809741,1.45108806161683,2.83890745870862,0.202540034307996,2.97764513876405,1.16843270305619,1.52982086484207
"444","Cambodia","Southeastern Asia",3.66579347633157,1.44799885565045,3.15725086422772,1.78956543120363,4.21251363609878,0.611841719765233,2.93381252269056
"445","Sudan","Sub-Saharan Africa",3.64028746865922,1.58696378633866,3.80916672370913,1.21135866303811,0.0997358006183788,0.807160907109609,1.38598959796304
"446","Ghana","Sub-Saharan Africa",3.62357675173803,1.60551150001054,2.7412777190463,1.23099926903556,2.81350181638471,0.227613709206872,1.95315320755734
"447","Ukraine","Central and Eastern Europe",3.60246880882381,2.15275862151536,4.37560840330488,2.39799348956268,0.817891843115519,0.206889278141331,2.05302551879935
"448","Uganda","Sub-Saharan Africa",3.58927587269705,0.917818668440568,3.54503446658904,0.906195506875642,2.94758153170401,0.512695798712606,2.47649560955178
"449","Burkina Faso","Sub-Saharan Africa",3.54618012228744,0.84273636291115,3.27347564046883,0.898749045103332,2.1573352578937,1.08098858137941,1.90709030924425
"450","Niger","Sub-Saharan Africa",3.54266192211047,0.389633255773696,3.11579168277086,1.11802194862072,2.41865439237313,1.24489429375441,1.7383940490233
"451","Malawi","Sub-Saharan Africa",3.49165053583957,0.561720522604615,1.60827541505793,1.31199441648405,3.10539852164314,0.653217858546822,2.18308934513913
"452","Chad","Sub-Saharan Africa",3.46174730217418,1.05396991034803,2.99289159735522,0.171279913246074,1.07971914361287,0.481362208987248,1.64291211662672
"453","Zimbabwe","Sub-Saharan Africa",3.40809716092491,0.904381719679135,3.39840508121612,0.819300161205999,2.23725473317505,0.856821416776408,1.4378816397761
"454","Lesotho","Sub-Saharan Africa",3.34917013879273,1.25370875458719,3.73413425121239,0,2.59824576348487,1.06990752415101,1.19730491944255
"455","Angola","Sub-Saharan Africa",3.33773651244574,2.06559508101796,3.46528796492541,0.207647013163811,0,0.626344823902232,0.74444380413889
"456","Afghanistan","Southern Asia",3.33685685755585,0.966055617790143,1.82469509893933,0.752607439721136,0.706188429263274,0.549422060743808,2.37086393506545
"457","Botswana","Sub-Saharan Africa",3.31223071446465,2.70004202925025,3.8328449671734,1.42302806481497,3.36000580134017,0.88563940778508,0.755253626666555
"458","Benin","Sub-Saharan Africa",3.21636426800439,1.03730040349786,1.36583029168516,0.874123676558792,2.83303204128047,0.547366463149434,1.58083827458698
"459","Madagascar","Sub-Saharan Africa",3.20493064165739,0.735852977456293,2.86476299042016,1.56238388072101,1.25832708588098,0.603990208430114,1.5867988224645
"460","Haiti","Latin America and Caribbean",3.16887066252792,0.886969420791276,2.00952465314266,1.15473120456562,0.20198661421315,0.897218919485341,3.71896024877103
"461","Yemen","Middle East and Northern Africa",3.16007558146803,1.42373986147403,2.93492732917041,1.29113893787588,1.65915605255679,0.509980068550927,0.79156688656361
"462","South Sudan","Sub-Saharan Africa",3.15831669107081,0.955880557291559,1.88675772605308,0.680735687755369,0.978096247055312,1.04923494988714,2.17168888259031
"463","Liberia","Sub-Saharan Africa",3.10730509510865,0.286444629641498,2.73642435988936,0.957351198964412,2.21395649813772,0.349898406247943,2.02633026638152
"464","Guinea","Sub-Saharan Africa",3.08443784241466,0.588448916647609,2.48267022331709,0.808329948396534,2.31841759233952,0.99662748795942,2.01314225117947
"465","Togo","Sub-Saharan Africa",3.07388366126627,0.734977159812314,1.3551078670948,1.02891730933261,2.53017282487532,0.85942339329569,1.49681786246293
"466","Rwanda","Sub-Saharan Africa",3.05277550866077,0.887295781726161,2.96732314152922,1.35919289992287,3.86978011142543,4.08954859682942,1.92146844030022
"467","Syria","Middle East and Northern Africa",3.04485987279949,1.87002678674368,1.24284202628253,2.08415950588596,0.542309967670456,1.35965341259461,3.75286507033093
"468","Tanzania","Sub-Saharan Africa",2.94547543585352,1.22992205509704,3.26942740293227,1.517771996332,2.59396577174438,0.593237929013689,2.69308083581521
"469","Burundi","Sub-Saharan Africa",2.55497345934979,0.220467048391452,1.97608882189163,0.63128875928759,0.39839338715887,0.755957778910118,1.55413010829065
"470","Central African Republic","Sub-Saharan Africa",2.36851765700345,0,0,0.07816716382089,1.80134095392046,0.508162252547971,2.13524206600262
